USE qlda;

INSERT INTO roles values (1,'sinhvien');
INSERT INTO roles values (2,'giaovien');
INSERT INTO roles values (3,'admin');

INSERT INTO users values(1,'18138372fad4b94533cd4881f03dc6c69296dd897234e0cee83f727e2e6b1f63','120170001');  ### mat khau la: qwe123
INSERT INTO users values(2,'18138372fad4b94533cd4881f03dc6c69296dd897234e0cee83f727e2e6b1f63','120170002');
INSERT INTO users values(3,'18138372fad4b94533cd4881f03dc6c69296dd897234e0cee83f727e2e6b1f63','120170003');
INSERT INTO users values(4,'18138372fad4b94533cd4881f03dc6c69296dd897234e0cee83f727e2e6b1f63','120170004');
INSERT INTO users values(29,'18138372fad4b94533cd4881f03dc6c69296dd897234e0cee83f727e2e6b1f63','120170005');
INSERT INTO users values(30,'18138372fad4b94533cd4881f03dc6c69296dd897234e0cee83f727e2e6b1f63','120170010');
INSERT INTO users values(31,'18138372fad4b94533cd4881f03dc6c69296dd897234e0cee83f727e2e6b1f63','120170006');
INSERT INTO users values(32,'18138372fad4b94533cd4881f03dc6c69296dd897234e0cee83f727e2e6b1f63','120170007');
INSERT INTO users values(33,'18138372fad4b94533cd4881f03dc6c69296dd897234e0cee83f727e2e6b1f63','120170008');
INSERT INTO users values(34,'18138372fad4b94533cd4881f03dc6c69296dd897234e0cee83f727e2e6b1f63','120170009');
INSERT INTO users values(35,'18138372fad4b94533cd4881f03dc6c69296dd897234e0cee83f727e2e6b1f63','120170011');
INSERT INTO users values(36,'18138372fad4b94533cd4881f03dc6c69296dd897234e0cee83f727e2e6b1f63','120170012');
INSERT INTO users values(37,'18138372fad4b94533cd4881f03dc6c69296dd897234e0cee83f727e2e6b1f63','120170013');
INSERT INTO users values(38,'18138372fad4b94533cd4881f03dc6c69296dd897234e0cee83f727e2e6b1f63','120170014');
INSERT INTO users values(39,'18138372fad4b94533cd4881f03dc6c69296dd897234e0cee83f727e2e6b1f63','120170015');
INSERT INTO users values(40,'18138372fad4b94533cd4881f03dc6c69296dd897234e0cee83f727e2e6b1f63','120170016');
INSERT INTO users values(41,'18138372fad4b94533cd4881f03dc6c69296dd897234e0cee83f727e2e6b1f63','120170017');
INSERT INTO users values(42,'18138372fad4b94533cd4881f03dc6c69296dd897234e0cee83f727e2e6b1f63','120170100');
INSERT INTO users values(43,'18138372fad4b94533cd4881f03dc6c69296dd897234e0cee83f727e2e6b1f63','120170101');
INSERT INTO users values(44,'18138372fad4b94533cd4881f03dc6c69296dd897234e0cee83f727e2e6b1f63','120170102');

INSERT INTO users values(5,'18138372fad4b94533cd4881f03dc6c69296dd897234e0cee83f727e2e6b1f63','220170001');
INSERT INTO users values(6,'18138372fad4b94533cd4881f03dc6c69296dd897234e0cee83f727e2e6b1f63','220170002');
INSERT INTO users values(7,'18138372fad4b94533cd4881f03dc6c69296dd897234e0cee83f727e2e6b1f63','220170003');
INSERT INTO users values(8,'18138372fad4b94533cd4881f03dc6c69296dd897234e0cee83f727e2e6b1f63','220170004');
INSERT INTO users values(9,'18138372fad4b94533cd4881f03dc6c69296dd897234e0cee83f727e2e6b1f63','220170005');
INSERT INTO users values(10,'18138372fad4b94533cd4881f03dc6c69296dd897234e0cee83f727e2e6b1f63','220170010');
INSERT INTO users values(11,'18138372fad4b94533cd4881f03dc6c69296dd897234e0cee83f727e2e6b1f63','220170006');
INSERT INTO users values(12,'18138372fad4b94533cd4881f03dc6c69296dd897234e0cee83f727e2e6b1f63','220170007');
INSERT INTO users values(13,'18138372fad4b94533cd4881f03dc6c69296dd897234e0cee83f727e2e6b1f63','220170008');
INSERT INTO users values(14,'18138372fad4b94533cd4881f03dc6c69296dd897234e0cee83f727e2e6b1f63','220170009');
INSERT INTO users values(15,'18138372fad4b94533cd4881f03dc6c69296dd897234e0cee83f727e2e6b1f63','220170011');
INSERT INTO users values(16,'18138372fad4b94533cd4881f03dc6c69296dd897234e0cee83f727e2e6b1f63','220170012');
INSERT INTO users values(17,'18138372fad4b94533cd4881f03dc6c69296dd897234e0cee83f727e2e6b1f63','220170013');
INSERT INTO users values(18,'18138372fad4b94533cd4881f03dc6c69296dd897234e0cee83f727e2e6b1f63','220170014');
INSERT INTO users values(19,'18138372fad4b94533cd4881f03dc6c69296dd897234e0cee83f727e2e6b1f63','220170015');
INSERT INTO users values(20,'18138372fad4b94533cd4881f03dc6c69296dd897234e0cee83f727e2e6b1f63','220170016');
INSERT INTO users values(21,'18138372fad4b94533cd4881f03dc6c69296dd897234e0cee83f727e2e6b1f63','220170017');
INSERT INTO users values(22,'18138372fad4b94533cd4881f03dc6c69296dd897234e0cee83f727e2e6b1f63','220170018');
INSERT INTO users values(23,'18138372fad4b94533cd4881f03dc6c69296dd897234e0cee83f727e2e6b1f63','220170019');
INSERT INTO users values(24,'18138372fad4b94533cd4881f03dc6c69296dd897234e0cee83f727e2e6b1f63','220170020');
INSERT INTO users values(25,'18138372fad4b94533cd4881f03dc6c69296dd897234e0cee83f727e2e6b1f63','220170021');



INSERT INTO users values(100,'18138372fad4b94533cd4881f03dc6c69296dd897234e0cee83f727e2e6b1f63','320170001');
INSERT INTO users values(101,'18138372fad4b94533cd4881f03dc6c69296dd897234e0cee83f727e2e6b1f63','320170002');
INSERT INTO users values(102,'18138372fad4b94533cd4881f03dc6c69296dd897234e0cee83f727e2e6b1f63','320170003');

INSERT INTO app_role_user(id,role_id,user_id) values (1,1,1);
INSERT INTO app_role_user(id,role_id,user_id) values (2,1,2);
INSERT INTO app_role_user(id,role_id,user_id) values (3,1,3);
INSERT INTO app_role_user(id,role_id,user_id) values (4,1,4);
INSERT INTO app_role_user(id,role_id,user_id) values (5,2,5);
INSERT INTO app_role_user(id,role_id,user_id) values (6,2,6);
INSERT INTO app_role_user(id,role_id,user_id) values (7,2,7);
INSERT INTO app_role_user(id,role_id,user_id) values (8,2,8);
INSERT INTO app_role_user(id,role_id,user_id) values (9,2,9);
INSERT INTO app_role_user(id,role_id,user_id) values (10,2,10);
INSERT INTO app_role_user(id,role_id,user_id) values (11,2,11);
INSERT INTO app_role_user(id,role_id,user_id) values (12,2,12);
INSERT INTO app_role_user(id,role_id,user_id) values (13,2,13);
INSERT INTO app_role_user(id,role_id,user_id) values (14,2,14);
INSERT INTO app_role_user(id,role_id,user_id) values (15,1,15);
INSERT INTO app_role_user(id,role_id,user_id) values (29,1,29);
INSERT INTO app_role_user(id,role_id,user_id) values (30,1,30);
INSERT INTO app_role_user(id,role_id,user_id) values (31,1,31);
INSERT INTO app_role_user(id,role_id,user_id) values (32,1,32);
INSERT INTO app_role_user(id,role_id,user_id) values (33,1,33);
INSERT INTO app_role_user(id,role_id,user_id) values (34,1,34);
INSERT INTO app_role_user(id,role_id,user_id) values (35,1,35);
INSERT INTO app_role_user(id,role_id,user_id) values (36,1,36);
INSERT INTO app_role_user(id,role_id,user_id) values (37,1,37);
INSERT INTO app_role_user(id,role_id,user_id) values (38,1,38);
INSERT INTO app_role_user(id,role_id,user_id) values (39,1,39);
INSERT INTO app_role_user(id,role_id,user_id) values (40,1,40);
INSERT INTO app_role_user(id,role_id,user_id) values (41,1,41);
INSERT INTO app_role_user(id,role_id,user_id) values (42,1,42);
INSERT INTO app_role_user(id,role_id,user_id) values (43,1,43);
INSERT INTO app_role_user(id,role_id,user_id) values (44,1,44);

INSERT INTO app_role_user(id,role_id,user_id) values (100,3,100);
INSERT INTO app_role_user(id,role_id,user_id) values (101,3,101);
INSERT INTO app_role_user(id,role_id,user_id) values (102,3,102);
INSERT INTO vai_tro values(1,N'Hướng Dẫn');
INSERT INTO vai_tro values(2,N'Báo cáo');
INSERT INTO vai_tro values(3,N'chạy demo');

INSERT INTO bang_cap values(1,1,'BS',N'Cử Nhân');
INSERT INTO bang_cap values(2,2,'MS',N'Thạc Sĩ');
INSERT INTO bang_cap values(3,3,'Ph.D',N'Tiến Sĩ');
INSERT INTO bang_cap values(4,4,'Ph.Gs',N'Phó Giáo Sư');
INSERT INTO bang_cap values(5,5,'Gs',N'Giáo Sư');

INSERT INTO chuc_vu(id,diem,tencv) values(1,2,N'Giảng Viên');
INSERT INTO chuc_vu(id,diem,tencv) values(2,3,N'Phó Chủ Nhiệm Khoa');
INSERT INTO chuc_vu(id,diem,tencv) values(3,4,N'Chủ nhiệm khoa');

INSERT INTO khoa values(1,'CNTT',N'Công Nghệ Thông Tin');
INSERT INTO khoa values(2,'CK',N'Cơ Khí');
INSERT INTO khoa values(3,'HD',N'Hóa Dầu');
INSERT INTO khoa values(4,'VT',N'Viễn Thông');

INSERT INTO bao_cao_tien_do values(1,N'Báo cáo đợt 1','2019-8-8 02:02:02');
INSERT INTO bao_cao_tien_do values(2,N'Báo cáo đợt 2','2019-10-10 02:02:02');
INSERT INTO bao_cao_tien_do values(3,N'Báo cáo đợt 3','2019-11-11 02:02:02');

INSERT INTO chuyen_nganh values(1,N'Công Nghệ Phần mềm',1);
INSERT INTO chuyen_nganh values(2,N'Hệ Thống Nhúng',1);
INSERT INTO chuyen_nganh values(3,N'Quản Trị Mạng',1);
INSERT INTO chuyen_nganh values(4,N'Hệ Thống Thông Tin',1);
INSERT INTO chuyen_nganh values(5,N'Cơ Điện Tử',2);
INSERT INTO chuyen_nganh values(6,N'Cơ Khí',2);


INSERT INTO vai_trohd(id,ten_vai_tro,dk_bang_cap) values(1,'Chủ tịch',3);
INSERT INTO vai_trohd(id,ten_vai_tro,dk_bang_cap)  values(2,'Thư ký',2);
INSERT INTO vai_trohd(id,ten_vai_tro,dk_bang_cap)  values(3,'Người phản biện',1);
INSERT INTO vai_trohd(id,ten_vai_tro,dk_bang_cap)  values(4,'Người tham dự 1',1);
INSERT INTO vai_trohd(id,ten_vai_tro,dk_bang_cap)  values(5,'Người tham dự 2',1);



INSERT INTO giao_vien(id,magv,ngay_sinh,sinh_vien_toi_da,tengv,bang_cap,chuc_vu,chuyen_nganh,khoa) values(1,220170001,'2019-11-11 02:02:02',5,N'Nguyễn Văn A',1,1,1,1);
INSERT INTO giao_vien(id,magv,ngay_sinh,sinh_vien_toi_da,tengv,bang_cap,chuc_vu,chuyen_nganh,khoa) values(2,220170002,'2019-11-11 02:02:02',5,N'Nguyễn Văn B',2,2,2,1);
INSERT INTO giao_vien(id,magv,ngay_sinh,sinh_vien_toi_da,tengv,bang_cap,chuc_vu,chuyen_nganh,khoa) values(3,220170003,'2019-11-11 02:02:02',5,N'Nguyễn Văn C',3,1,3,1);
INSERT INTO giao_vien(id,magv,ngay_sinh,sinh_vien_toi_da,tengv,bang_cap,chuc_vu,chuyen_nganh,khoa) values(4,220170004,'2019-11-11 02:02:02',5,N'Đồng Văn A',1,1,2,1);
INSERT INTO giao_vien(id,magv,ngay_sinh,sinh_vien_toi_da,tengv,bang_cap,chuc_vu,chuyen_nganh,khoa) values(5,220170005,'2019-11-11 02:02:02',5,N'Lê Văn Lệ',1,2,1,2);
INSERT INTO giao_vien(id,magv,ngay_sinh,sinh_vien_toi_da,tengv,bang_cap,chuc_vu,chuyen_nganh,khoa) values(6,220170006,'2019-11-11 02:02:02',5,N'Trịnh Văn Tố',1,1,1,2);
INSERT INTO giao_vien(id,magv,ngay_sinh,sinh_vien_toi_da,tengv,bang_cap,chuc_vu,chuyen_nganh,khoa) values(7,220170007,'2019-11-11 02:02:02',5,N'Đặng Văn Hơn',3,1,2,2);
INSERT INTO giao_vien(id,magv,ngay_sinh,sinh_vien_toi_da,tengv,bang_cap,chuc_vu,chuyen_nganh,khoa) values(8,220170008,'2019-11-11 02:02:02',5,N'Lê Văn Cẩn',3,2,1,2);
INSERT INTO giao_vien(id,magv,ngay_sinh,sinh_vien_toi_da,tengv,bang_cap,chuc_vu,chuyen_nganh,khoa) values(9,220170009,'2019-11-11 02:02:02',5,N'Nguyễn Văn hải',1,1,3,1);
INSERT INTO giao_vien(id,magv,ngay_sinh,sinh_vien_toi_da,tengv,bang_cap,chuc_vu,chuyen_nganh,khoa) values(10,220170010,'2019-11-11 02:02:02',5,N'Nguyễn Văn Vương',1,1,1,1);
INSERT INTO giao_vien(id,magv,ngay_sinh,sinh_vien_toi_da,tengv,bang_cap,chuc_vu,chuyen_nganh,khoa) values(11,220170011,'2019-11-11 02:02:02',5,N'Nguyễn Văn Mệnh',2,2,3,1);
INSERT INTO giao_vien(id,magv,ngay_sinh,sinh_vien_toi_da,tengv,bang_cap,chuc_vu,chuyen_nganh,khoa) values(12,220170012,'2019-11-11 02:02:02',5,N'Nguyễn Văn Biệt',1,1,4,1);
INSERT INTO giao_vien(id,magv,ngay_sinh,sinh_vien_toi_da,tengv,bang_cap,chuc_vu,chuyen_nganh,khoa) values(13,220170013,'2019-11-11 02:02:02',5,N'Nguyễn Thành Vương',1,2,1,1);
INSERT INTO giao_vien(id,magv,ngay_sinh,sinh_vien_toi_da,tengv,bang_cap,chuc_vu,chuyen_nganh,khoa) values(14,220170014,'2019-11-11 02:02:02',5,N'Nguyễn Thành Đạt',1,1,1,1);
INSERT INTO giao_vien(id,magv,ngay_sinh,sinh_vien_toi_da,tengv,bang_cap,chuc_vu,chuyen_nganh,khoa) values(15,220170015,'2019-11-11 02:02:02',5,N'Nguyễn Văn Long',2,1,1,1);
INSERT INTO giao_vien(id,magv,ngay_sinh,sinh_vien_toi_da,tengv,bang_cap,chuc_vu,chuyen_nganh,khoa) values(16,220170016,'2019-11-11 02:02:02',5,N'Nguyễn Văn Sâm',1,1,4,1);
INSERT INTO giao_vien(id,magv,ngay_sinh,sinh_vien_toi_da,tengv,bang_cap,chuc_vu,chuyen_nganh,khoa) values(17,220170017,'2019-11-11 02:02:02',5,N'Nguyễn Ngọc Tiến',1,1,4,1);
INSERT INTO giao_vien(id,magv,ngay_sinh,sinh_vien_toi_da,tengv,bang_cap,chuc_vu,chuyen_nganh,khoa) values(18,220170018,'2019-11-11 02:02:02',5,N'Nguyễn Ngọc Hùng',1,1,1,1);
INSERT INTO giao_vien(id,magv,ngay_sinh,sinh_vien_toi_da,tengv,bang_cap,chuc_vu,chuyen_nganh,khoa) values(19,220170019,'2019-11-11 02:02:02',5,N'Nguyễn Thị Bé',2,2,2,1);
INSERT INTO giao_vien(id,magv,ngay_sinh,sinh_vien_toi_da,tengv,bang_cap,chuc_vu,chuyen_nganh,khoa) values(20,220170020,'2019-11-11 02:02:02',5,N'Nguyễn Thị Tố',2,1,2,1);
INSERT INTO giao_vien(id,magv,ngay_sinh,sinh_vien_toi_da,tengv,bang_cap,chuc_vu,chuyen_nganh,khoa) values(21,220170021,'2019-11-11 02:02:02',5,N'Nguyễn Thị Nở',2,1,1,1);

INSERT INTO hoi_dong(id,dia_diem,finished_date,is_open,mahd,started_date,tenhd,khoa)  values(1,N'phòng A123','2018-11-11 10:02:02',b'1',201701001,'2018-11-11 02:02:02','Hội đồng 1',1);
INSERT INTO hoi_dong(id,dia_diem,finished_date,is_open,mahd,started_date,tenhd,khoa)  values(2,N'phòng A135','2018-11-11 10:02:02',b'1',201701002,'2018-11-11 02:02:02','Hội đồng 2',1);

INSERT INTO phan_conghd(id,giao_vien,hoi_dong,vai_trohd) values(1,1,1,1);
INSERT INTO phan_conghd(id,giao_vien,hoi_dong,vai_trohd) values(2,2,1,2);
INSERT INTO phan_conghd(id,giao_vien,hoi_dong,vai_trohd) values(3,3,1,3);
INSERT INTO phan_conghd(id,giao_vien,hoi_dong,vai_trohd) values(4,4,2,1);
INSERT INTO phan_conghd(id,giao_vien,hoi_dong,vai_trohd) values(5,9,2,2);
INSERT INTO phan_conghd(id,giao_vien,hoi_dong,vai_trohd) values(6,10,2,3);

INSERT INTO do_andk(id,create_date,is_open,ma_do_an,mo_ta,status,tieu_de,update_date,magv) values(1,'2019-11-11 02:02:02',b'0',120170001,N'Chẳng có gì hết',b'1',N'Mẫu thôi bạn 1','2019-11-11 02:02:02',1);
INSERT INTO do_andk(id,create_date,is_open,ma_do_an,mo_ta,status,tieu_de,update_date,magv) values(2,'2019-11-11 02:02:02',b'0',120170002,N'ok men',b'1',N'Mẫu thôi bạn 2  ','2019-11-11 02:02:02',2);
INSERT INTO do_andk(id,create_date,is_open,ma_do_an,mo_ta,status,tieu_de,update_date,magv) values(3,'2019-11-11 02:02:02',b'0',120170003,N'Chẳng có gì hết',b'1',N'Mẫu thôi bạn 3','2019-11-11 02:02:02',1);
INSERT INTO do_andk(id,create_date,is_open,ma_do_an,mo_ta,status,tieu_de,update_date,magv) values(4,'2019-11-11 02:02:02',b'1',120170004,N'ok men',b'0',N'Mẫu thôi bạn 4  ','2019-11-11 02:02:02',2);
INSERT INTO do_andk(id,create_date,is_open,ma_do_an,mo_ta,status,tieu_de,update_date,magv) values(5,'2019-11-11 02:02:02',b'1',120170005,N'Chẳng có gì hết',b'0',N'Mẫu thôi bạn 25','2019-11-11 02:02:02',1);
INSERT INTO do_andk(id,create_date,is_open,ma_do_an,mo_ta,status,tieu_de,update_date,magv) values(6,'2019-11-11 02:02:02',b'1',120170006,N'ok men',b'0',N'Mẫu thôi bạn 6  ','2019-11-11 02:02:02',2);
INSERT INTO do_andk(id,create_date,is_open,ma_do_an,mo_ta,status,tieu_de,update_date,magv) values(7,'2019-11-11 02:02:02',b'1',120170007,N'Chẳng có gì hết',b'0',N'Mẫu thôi bạn 53','2019-11-11 02:02:02',1);
INSERT INTO do_andk(id,create_date,is_open,ma_do_an,mo_ta,status,tieu_de,update_date,magv) values(8,'2019-11-11 02:02:02',b'1',120170008,N'ok men',b'0',N'Mẫu thôi bạn 7  ','2019-11-11 02:02:02',2);
INSERT INTO do_andk(id,create_date,is_open,ma_do_an,mo_ta,status,tieu_de,update_date,magv) values(9,'2019-11-11 02:02:02',b'1',120170009,N'Chẳng có gì hết',b'0',N'Mẫu thôi bạn 51','2019-11-11 02:02:02',1);
INSERT INTO do_andk(id,create_date,is_open,ma_do_an,mo_ta,status,tieu_de,update_date,magv) values(10,'2019-11-11 02:02:02',b'1',120170010,N'ok men',b'0',N'Mẫu thôi bạn 8  ','2019-11-11 02:02:02',2);
INSERT INTO do_andk(id,create_date,is_open,ma_do_an,mo_ta,status,tieu_de,update_date,magv) values(11,'2019-11-11 02:02:02',b'1',120170011,N'Chẳng có gì hết',b'0',N'Mẫu thôi bạn 34','2019-11-11 02:02:02',1);
INSERT INTO do_andk(id,create_date,is_open,ma_do_an,mo_ta,status,tieu_de,update_date,magv) values(12,'2019-11-11 02:02:02',b'1',120170012,N'ok men',b'0',N'Mẫu thôi bạn 9  ','2019-11-11 02:02:02',2);
INSERT INTO do_andk(id,create_date,is_open,ma_do_an,mo_ta,status,tieu_de,update_date,magv) values(13,'2019-11-11 02:02:02',b'1',120170013,N'Chẳng có gì hết',b'0',N'Mẫu thôi bạn 31','2019-11-11 02:02:02',1);
INSERT INTO do_andk(id,create_date,is_open,ma_do_an,mo_ta,status,tieu_de,update_date,magv) values(14,'2019-11-11 02:02:02',b'1',120170014,N'ok men',b'0',N'Mẫu thôi bạn 12  ','2019-11-11 02:02:02',2);
INSERT INTO do_andk(id,create_date,is_open,ma_do_an,mo_ta,status,tieu_de,update_date,magv) values(15,'2019-11-11 02:02:02',b'1',120170015,N'Chẳng có gì hết',b'0',N'Mẫu thôi bạn 32','2019-11-11 02:02:02',1);
INSERT INTO do_andk(id,create_date,is_open,ma_do_an,mo_ta,status,tieu_de,update_date,magv) values(16,'2019-11-11 02:02:02',b'1',120170016,N'ok men',b'0',N'Mẫu thôi bạn 14  ','2019-11-11 02:02:02',2);
INSERT INTO do_andk(id,create_date,is_open,ma_do_an,mo_ta,status,tieu_de,update_date,magv) values(17,'2019-11-11 02:02:02',b'1',120170017,N'Chẳng có gì hết',b'0',N'Mẫu thôi bạn 11','2019-11-11 02:02:02',1);
INSERT INTO do_andk(id,create_date,is_open,ma_do_an,mo_ta,status,tieu_de,update_date,magv) values(18,'2019-11-11 02:02:02',b'1',120170018,N'ok men',b'0',N'Mẫu thôi bạn 22  ','2019-11-11 02:02:02',2);
INSERT INTO do_andk(id,create_date,is_open,ma_do_an,mo_ta,status,tieu_de,update_date,magv) values(19,'2019-11-11 02:02:02',b'1',120170019,N'Chẳng có gì hết',b'0',N'Mẫu thôi bạn 3','2019-11-11 02:02:02',1);
INSERT INTO do_andk(id,create_date,is_open,ma_do_an,mo_ta,status,tieu_de,update_date,magv) values(20,'2019-11-11 02:02:02',b'1',120170020,N'ok men',b'0',N'Mẫu thôi bạn 34  ','2019-11-11 02:02:02',2);

INSERT INTO do_an_mau(id,create_date,update_date,image,ma_do_an,mo_ta,status,tieu_de,magv) values(1,'2019-11-11 02:02:02','2019-11-11 02:02:02',null,220170001,N'Chẳng có gì hết',b'0',N'Đồ án mẫu 1',1);
INSERT INTO do_an_mau(id,create_date,update_date,image,ma_do_an,mo_ta,status,tieu_de,magv) values(2,'2019-11-11 02:02:02','2019-11-11 02:02:02',null,220170002,N'Chẳng có gì hết',b'0',N'Đồ án mẫu 2',1);
INSERT INTO do_an_mau(id,create_date,update_date,image,ma_do_an,mo_ta,status,tieu_de,magv) values(3,'2019-11-11 02:02:02','2019-11-11 02:02:02',null,220170003,N'Chẳng có gì hết',b'0',N'Đồ án mẫu 3',2);
INSERT INTO do_an_mau(id,create_date,update_date,image,ma_do_an,mo_ta,status,tieu_de,magv) values(4,'2019-11-11 02:02:02','2019-11-11 02:02:02',null,220170004,N'Chẳng có gì hết',b'0',N'Đồ án mẫu 4',2);
INSERT INTO do_an_mau(id,create_date,update_date,image,ma_do_an,mo_ta,status,tieu_de,magv) values(5,'2019-11-11 02:02:02','2019-11-11 02:02:02',null,220170005,N'Chẳng có gì hết',b'0',N'Đồ án mẫu 5',3);

INSERT INTO do_an(id,create_date,update_date,image,is_open,ma_do_an,mo_ta,status,tieu_de,hoi_dong) values(1,'2019-11-11 02:02:02','2019-11-11 02:02:02',null,b'1',120170001,N'Chẳng có gì hết',b'1',N'Mẫu thôi bạn 1',1);
INSERT INTO do_an(id,create_date,update_date,image,is_open,ma_do_an,mo_ta,status,tieu_de,hoi_dong)  values(2,'2019-11-11 02:02:02','2019-11-11 02:02:02',null,b'1',120170002,N'ok men',b'1',N'Mẫu thôi bạn 2  ',1);
INSERT INTO do_an(id,create_date,update_date,image,is_open,ma_do_an,mo_ta,status,tieu_de,hoi_dong)values(3,'2019-11-11 02:02:02','2019-11-11 02:02:02',null,b'1',120170003,N'Chẳng có gì hết',b'0',N'Mẫu thôi bạn 3',null);

#INSERT INTO do_an(id,create_date,update_date,image,is_open,ma_do_an,mo_ta,status,tieu_de,hoi_dong)values(4,'2019-11-11 02:02:02','2019-11-11 02:02:02',null,b'1',120170004,N'ok men',b'0',N'Mẫu thôi bạn 4  ',null);
#INSERT INTO do_an(id,create_date,update_date,image,is_open,ma_do_an,mo_ta,status,tieu_de,hoi_dong)values(5,'2019-11-11 02:02:02','2019-11-11 02:02:02',null,b'1',120170005,N'Chẳng có gì hết',b'1',N'Mẫu thôi bạn 25',null);
#INSERT INTO do_an(id,create_date,update_date,image,is_open,ma_do_an,mo_ta,status,tieu_de,hoi_dong)values(6,'2019-11-11 02:02:02','2019-11-11 02:02:02',null,b'1',120170006,N'ok men',b'1',N'Mẫu thôi bạn 6  ',null);
#INSERT INTO do_an(id,create_date,update_date,image,is_open,ma_do_an,mo_ta,status,tieu_de,hoi_dong)values(7,'2019-11-11 02:02:02','2019-11-11 02:02:02',null,b'1',120170007,N'Chẳng có gì hết',b'0',N'Mẫu thôi bạn 53',null);
#INSERT INTO do_an(id,create_date,update_date,image,is_open,ma_do_an,mo_ta,status,tieu_de,hoi_dong)values(8,'2019-11-11 02:02:02','2019-11-11 02:02:02',null,b'1',120170008,N'ok men',b'0',N'Mẫu thôi bạn 7  ',null);
#INSERT INTO do_an(id,create_date,update_date,image,is_open,ma_do_an,mo_ta,status,tieu_de,hoi_dong)values(9,'2019-11-11 02:02:02','2019-11-11 02:02:02',null,b'1',120170009,N'Chẳng có gì hết',b'1',N'Mẫu thôi bạn 51',null);
#INSERT INTO do_an(id,create_date,update_date,image,is_open,ma_do_an,mo_ta,status,tieu_de,hoi_dong)values(10,'2019-11-11 02:02:02','2019-11-11 02:02:02',null,b'1',120170010,N'ok men',b'1',N'Mẫu thôi bạn 8  ',null);
#INSERT INTO do_an(id,create_date,update_date,image,is_open,ma_do_an,mo_ta,status,tieu_de,hoi_dong)values(11,'2019-11-11 02:02:02','2019-11-11 02:02:02',null,b'1',120170011,N'Chẳng có gì hết',b'0',N'Mẫu thôi bạn 34',null);
#INSERT INTO do_an(id,create_date,update_date,image,is_open,ma_do_an,mo_ta,status,tieu_de,hoi_dong)values(12,'2019-11-11 02:02:02','2019-11-11 02:02:02',null,b'1',120170012,N'ok men',b'0',N'Mẫu thôi bạn 9  ',null);
#INSERT INTO do_an(id,create_date,update_date,image,is_open,ma_do_an,mo_ta,status,tieu_de,hoi_dong)values(13,'2019-11-11 02:02:02','2019-11-11 02:02:02',null,b'1',120170013,N'Chẳng có gì hết',b'1',N'Mẫu thôi bạn 31',null);
#INSERT INTO do_an(id,create_date,update_date,image,is_open,ma_do_an,mo_ta,status,tieu_de,hoi_dong)values(14,'2019-11-11 02:02:02','2019-11-11 02:02:02',null,b'1',120170014,N'ok men',b'1',N'Mẫu thôi bạn 12  ',null);
#INSERT INTO do_an(id,create_date,update_date,image,is_open,ma_do_an,mo_ta,status,tieu_de,hoi_dong)values(15,'2019-11-11 02:02:02','2019-11-11 02:02:02',null,b'1',120170015,N'Chẳng có gì hết',b'0',N'Mẫu thôi bạn 32',null);
#INSERT INTO do_an(id,create_date,update_date,image,is_open,ma_do_an,mo_ta,status,tieu_de,hoi_dong)values(16,'2019-11-11 02:02:02','2019-11-11 02:02:02',null,b'1',120170016,N'ok men',b'0',N'Mẫu thôi bạn 14  ',null);
#INSERT INTO do_an(id,create_date,update_date,image,is_open,ma_do_an,mo_ta,status,tieu_de,hoi_dong)values(17,'2019-11-11 02:02:02','2019-11-11 02:02:02',null,b'1',120170017,N'Chẳng có gì hết',b'1',N'Mẫu thôi bạn 11',null);
#INSERT INTO do_an(id,create_date,update_date,image,is_open,ma_do_an,mo_ta,status,tieu_de,hoi_dong)values(18,'2019-11-11 02:02:02','2019-11-11 02:02:02',null,b'1',120170018,N'ok men',b'1',N'Mẫu thôi bạn 22  ',null);
#INSERT INTO do_an(id,create_date,update_date,image,is_open,ma_do_an,mo_ta,status,tieu_de,hoi_dong)values(19,'2019-11-11 02:02:02','2019-11-11 02:02:02',null,b'1',120170019,N'Chẳng có gì hết',b'0',N'Mẫu thôi bạn 3',null);
#INSERT INTO do_an(id,create_date,update_date,image,is_open,ma_do_an,mo_ta,status,tieu_de,hoi_dong)values(20,'2019-11-11 02:02:02','2019-11-11 02:02:02',null,b'1',120170020,N'ok men',b'0',N'Mẫu thôi bạn 34  ',null);

INSERT INTO dot_bao_cao(id,thoi_gian,status,bao_cao_tien_do,do_an,mo_ta) values(1,'2019-8-8 02:02:02',b'1',1,1,'');
INSERT INTO dot_bao_cao(id,thoi_gian,status,bao_cao_tien_do,do_an,mo_ta) values(2,'2019-8-8 02:02:02',b'0',1,2,'');

INSERT INTO phan_cong(id,do_an,dot_bao_cao,giao_vien,vai_tro) values(1,1,null,1,1);
INSERT INTO phan_cong(id,do_an,dot_bao_cao,giao_vien,vai_tro)  values(2,2,null,2,1);
INSERT INTO phan_cong(id,do_an,dot_bao_cao,giao_vien,vai_tro) values(3,1,1,3,2);
INSERT INTO phan_cong(id,do_an,dot_bao_cao,giao_vien,vai_tro) values(4,2,2,1,2);
INSERT INTO phan_cong(id,do_an,dot_bao_cao,giao_vien,vai_tro)  values(5,3,null,1,1);

INSERT INTO sinh_vien(id,is_check,lop,masv,ngay_sinh,tensv,chuyen_nganh,do_an,do_andk,khoa_id) values(1,b'0','14PFIEV3',120170001,'2019-11-11 02:02:02',N'Lê Văn Lệ',1,1,1,1);
INSERT INTO sinh_vien(id,is_check,lop,masv,ngay_sinh,tensv,chuyen_nganh,do_an,do_andk,khoa_id) values(2,b'0','14PFIEV3',120170002,'2019-11-11 02:02:02',N'Lê Văn Cẩn',1,2,2,1);
INSERT INTO sinh_vien(id,is_check,lop,masv,ngay_sinh,tensv,chuyen_nganh,do_an,do_andk,khoa_id) values(3,b'0','14PFIEV3',120170003,'2019-11-11 02:02:02',N'Trịnh Văn Me',1,2,2,1);
INSERT INTO sinh_vien(id,is_check,lop,masv,ngay_sinh,tensv,chuyen_nganh,do_an,do_andk,khoa_id) values(4,b'0','14PFIEV3',120170004,'2019-11-11 02:02:02',N'Nguyễn Văn Long',1,null,null,1);
INSERT INTO sinh_vien(id,is_check,lop,masv,ngay_sinh,tensv,chuyen_nganh,do_an,do_andk,khoa_id) values(5,b'0','14PFIEV3',120170005,'2019-11-11 02:02:02',N'Lê Văn Lệ',1,3,3,1);
INSERT INTO sinh_vien(id,is_check,lop,masv,ngay_sinh,tensv,chuyen_nganh,do_an,do_andk,khoa_id) values(6,b'0','14PFIEV3',120170006,'2019-11-11 02:02:02',N'Lê Văn Cẩn',1,null,4,1);
INSERT INTO sinh_vien(id,is_check,lop,masv,ngay_sinh,tensv,chuyen_nganh,do_an,do_andk,khoa_id) values(7,b'0','14PFIEV3',120170007,'2019-11-11 02:02:02',N'Trịnh Văn Me',1,null,5,1);
INSERT INTO sinh_vien(id,is_check,lop,masv,ngay_sinh,tensv,chuyen_nganh,do_an,do_andk,khoa_id) values(8,b'0','14PFIEV3',120170008,'2019-11-11 02:02:02',N'Nguyễn Văn Long',1,null,6,1);
INSERT INTO sinh_vien(id,is_check,lop,masv,ngay_sinh,tensv,chuyen_nganh,do_an,do_andk,khoa_id) values(9,b'0','14PFIEV3',120170009,'2019-11-11 02:02:02',N'Lê Văn Lệ',1,null,7,1);
INSERT INTO sinh_vien(id,is_check,lop,masv,ngay_sinh,tensv,chuyen_nganh,do_an,do_andk,khoa_id) values(10,b'0','14PFIEV3',120170010,'2019-11-11 02:02:02',N'Lê Văn Cẩn',1,null,8,1);
INSERT INTO sinh_vien(id,is_check,lop,masv,ngay_sinh,tensv,chuyen_nganh,do_an,do_andk,khoa_id) values(11,b'0','14PFIEV3',120170011,'2019-11-11 02:02:02',N'Trịnh Văn Me',1,null,9,1);
INSERT INTO sinh_vien(id,is_check,lop,masv,ngay_sinh,tensv,chuyen_nganh,do_an,do_andk,khoa_id) values(12,b'0','14PFIEV3',120170012,'2019-11-11 02:02:02',N'Nguyễn Văn Long',1,null,10,1);
INSERT INTO sinh_vien(id,is_check,lop,masv,ngay_sinh,tensv,chuyen_nganh,do_an,do_andk,khoa_id) values(13,b'0','14PFIEV3',120170013,'2019-11-11 02:02:02',N'Lê Văn Lệ',1,null,11,1);
INSERT INTO sinh_vien(id,is_check,lop,masv,ngay_sinh,tensv,chuyen_nganh,do_an,do_andk,khoa_id) values(14,b'0','14PFIEV3',120170014,'2019-11-11 02:02:02',N'Lê Văn Cẩn',1,null,12,1);
INSERT INTO sinh_vien(id,is_check,lop,masv,ngay_sinh,tensv,chuyen_nganh,do_an,do_andk,khoa_id) values(15,b'0','14PFIEV3',120170015,'2019-11-11 02:02:02',N'Trịnh Văn Me',1,null,13,1);
INSERT INTO sinh_vien(id,is_check,lop,masv,ngay_sinh,tensv,chuyen_nganh,do_an,do_andk,khoa_id) values(16,b'0','14PFIEV3',120170016,'2019-11-11 02:02:02',N'Nguyễn Văn Long',1,null,14,1);
INSERT INTO sinh_vien(id,is_check,lop,masv,ngay_sinh,tensv,chuyen_nganh,do_an,do_andk,khoa_id) values(17,b'0','14PFIEV3',120170017,'2019-11-11 02:02:02',N'Lê Văn Lệ',1,null,15,1);
INSERT INTO sinh_vien(id,is_check,lop,masv,ngay_sinh,tensv,chuyen_nganh,do_an,do_andk,khoa_id) values(18,b'0','14PFIEV3',120170018,'2019-11-11 02:02:02',N'Lê Văn Cẩn',1,null,16,1);
INSERT INTO sinh_vien(id,is_check,lop,masv,ngay_sinh,tensv,chuyen_nganh,do_an,do_andk,khoa_id) values(19,b'0','14PFIEV3',120170019,'2019-11-11 02:02:02',N'Trịnh Văn Me',1,null,17,1);
INSERT INTO sinh_vien(id,is_check,lop,masv,ngay_sinh,tensv,chuyen_nganh,do_an,do_andk,khoa_id) values(20,b'0','14PFIEV3',120170020,'2019-11-11 02:02:02',N'Nguyễn Văn Long',1,null,18,1);
INSERT INTO sinh_vien(id,is_check,lop,masv,ngay_sinh,tensv,chuyen_nganh,do_an,do_andk,khoa_id) values(21,b'0','14PFIEV3',120170019,'2019-11-11 02:02:02',N'Trịnh Văn Me',1,null,19,1);
INSERT INTO sinh_vien(id,is_check,lop,masv,ngay_sinh,tensv,chuyen_nganh,do_an,do_andk,khoa_id) values(22,b'0','14PFIEV3',120170020,'2019-11-11 02:02:02',N'Nguyễn Văn Long',1,null,20,1);
INSERT INTO sinh_vien(id,is_check,lop,masv,ngay_sinh,tensv,chuyen_nganh,do_an,do_andk,khoa_id) values(100,b'0','14PFIEV3',120170100,'2019-11-11 02:02:02',N'Nguyễn Văn Vương',1,null,null,1);
INSERT INTO sinh_vien(id,is_check,lop,masv,ngay_sinh,tensv,chuyen_nganh,do_an,do_andk,khoa_id) values(101,b'0','14PFIEV3',120170101,'2019-11-11 02:02:02',N'Nguyễn Văn Phúc',1,null,null,1);
INSERT INTO sinh_vien(id,is_check,lop,masv,ngay_sinh,tensv,chuyen_nganh,do_an,do_andk,khoa_id) values(102,b'0','14PFIEV3',120170102,'2019-11-11 02:02:02',N'Nguyễn Văn Đạt',1,null,null,1);






